id,pred
R_503_507,0.475095455536
R_503_511,0.413405381644
R_503_522,0.363585029946
R_503_526,0.467788508816
R_503_533,0.404727737249
R_503_535,0.517189423734
R_503_539,0.518148335207
R_503_549,0.532600470688
R_503_556,0.566345519429
R_503_557,0.5
R_503_562,0.43628182061
R_503_568,0.386311575008
R_503_577,0.380332012573
R_503_591,0.5
R_503_592,0.467772878257
R_503_603,0.391821745686
R_503_607,0.313173078308
R_503_612,0.458950719221
R_503_623,0.515889734763
R_503_625,0.546345295786
R_503_627,0.548718909634
R_503_629,0.534836954768
R_503_635,0.609678829603
R_503_636,0.37405833659
R_503_637,0.441409157525
R_503_641,0.436361393963
R_503_645,0.663465799574
R_503_648,0.471458170909
R_503_651,0.383275663422
R_503_660,0.541960737492
R_503_666,0.417736320266
R_503_668,0.47693783707
R_503_670,0.575949250809
R_503_671,0.435283118393
R_503_672,0.447101657185
R_503_673,0.543426521283
R_503_674,0.506693788743
R_503_676,0.437270570133
R_503_680,0.384422625675
R_503_693,0.608128638706
R_503_695,0.491628895979
R_503_701,0.431395710614
R_503_702,0.512790038459
R_503_708,0.546762514589
R_503_716,0.431433631664
R_503_717,0.488344724463
R_503_720,0.454269851728
R_503_721,0.450113268715
R_503_722,0.41566717059
R_503_725,0.482904171327
R_503_727,0.517458403382
R_503_731,0.451410689553
R_503_748,0.509703368411
R_503_754,0.5
R_503_773,0.522470041548
R_503_780,0.417173157774
R_503_781,0.433020854241
R_503_786,0.546021265314
R_503_789,0.479994664999
R_503_810,0.534723573443
R_503_817,0.479398941971
R_503_825,0.478870842799
R_503_826,0.433938248231
R_503_829,0.508299805948
R_503_835,0.573996371558
R_503_846,0.464761316397
R_503_849,0.541350710062
R_507_511,0.434483579676
R_507_522,0.383169739229
R_507_526,0.48943388501
R_507_533,0.425567272176
R_507_535,0.538931828746
R_507_539,0.539773455053
R_507_549,0.554277241996
R_507_556,0.587857560684
R_507_557,0.517574386219
R_507_562,0.45775542138
R_507_568,0.406700645585
R_507_577,0.400555917433
R_507_591,0.518509008722
R_507_592,0.48950819088
R_507_603,0.412291812174
R_507_607,0.335482486869
R_507_612,0.480532676008
R_507_623,0.537631170531
R_507_625,0.567961255141
R_507_627,0.570341496172
R_507_629,0.556416105811
R_507_635,0.631429282316
R_507_636,0.394074107385
R_507_637,0.462864845658
R_507_641,0.457842056073
R_507_645,0.682496819544
R_507_648,0.493190576693
R_507_651,0.403505376031
R_507_660,0.563614419624
R_507_666,0.438799282547
R_507_668,0.5
R_507_670,0.597518775629
R_507_671,0.456761547111
R_507_672,0.468672906585
R_507_673,0.565041977023
R_507_674,0.528428173852
R_507_676,0.458660036003
R_507_680,0.404653548881
R_507_693,0.629847973636
R_507_695,0.513327191937
R_507_701,0.452797009217
R_507_702,0.534527570668
R_507_708,0.568385746805
R_507_716,0.452860426118
R_507_717,0.510133744181
R_507_720,0.475831224604
R_507_721,0.471748129068
R_507_722,0.436729345903
R_507_725,0.5
R_507_727,0.539119482943
R_507_731,0.472955052971
R_507_748,0.531422849939
R_507_754,0.517106600187
R_507_773,0.544172395331
R_507_780,0.438242186806
R_507_781,0.454443607989
R_507_786,0.567663403688
R_507_789,0.5
R_507_810,0.556377735937
R_507_817,0.5
R_507_825,0.5
R_507_826,0.45528236229
R_507_829,0.530064318302
R_507_835,0.595612549757
R_507_846,0.486519565279
R_507_849,0.56288742725
R_511_522,0.443012621924
R_511_526,0.552168482556
R_511_533,0.487599794161
R_511_535,0.601341149611
R_511_539,0.602273461273
R_511_549,0.616739393288
R_511_556,0.646764246742
R_511_557,0.580159074115
R_511_562,0.520383733776
R_511_568,0.467887033451
R_511_577,0.461463112418
R_511_591,0.580951911677
R_511_592,0.552217695426
R_511_603,0.473862665891
R_511_607,0.390862932641
R_511_612,0.543297935841
R_511_623,0.600060859257
R_511_625,0.630567892606
R_511_627,0.632971924141
R_511_629,0.618957574189
R_511_635,0.685566218676
R_511_636,0.454576624203
R_511_637,0.525663266431
R_511_641,0.520430938885
R_511_645,0.734468500216
R_511_648,0.555919739753
R_511_651,0.464659052193
R_511_660,0.626170951603
R_511_666,0.5
R_511_668,0.561319356852
R_511_670,0.655559907163
R_511_671,0.519411960795
R_511_672,0.531400539951
R_511_673,0.627544078816
R_511_674,0.590921733135
R_511_676,0.521404828757
R_511_680,0.465803809247
R_511_693,0.684233798339
R_511_695,0.575973823712
R_511_701,0.515285770905
R_511_702,0.596995236846
R_511_708,0.630977001784
R_511_716,0.515465949066
R_511_717,0.57270785907
R_511_720,0.538616984706
R_511_721,0.534421433505
R_511_722,0.5
R_511_725,0.567296544655
R_511_727,0.60165354288
R_511_731,0.535737632173
R_511_748,0.593909720622
R_511_754,0.579628736662
R_511_773,0.606603052893
R_511_780,0.5
R_511_781,0.517085439785
R_511_786,0.630285003317
R_511_789,0.564324936054
R_511_810,0.618894790799
R_511_817,0.563675456516
R_511_825,0.563299485324
R_511_826,0.517999228985
R_511_829,0.592526710244
R_511_835,0.65380341686
R_511_846,0.549190897248
R_511_849,0.625531428035
R_522_526,0.605915993255
R_522_533,0.541662752386
R_522_535,0.651067858605
R_522_539,0.651855739606
R_522_549,0.664891891239
R_522_556,0.694392415873
R_522_557,0.634055936349
R_522_562,0.574216615453
R_522_568,0.521940848093
R_522_577,0.515391374459
R_522_591,0.634820831082
R_522_592,0.605922596745
R_522_603,0.527884811327
R_522_607,0.442653291405
R_522_612,0.59707995666
R_522_623,0.649821664487
R_522_625,0.677112618613
R_522_627,0.679216549015
R_522_629,0.666813246742
R_522_635,0.730264872283
R_522_636,0.508491429203
R_522_637,0.579397442283
R_522_641,0.574318715117
R_522_645,0.774483804095
R_522_648,0.609515871165
R_522_651,0.518666488376
R_522_660,0.673185544864
R_522_666,0.555219472887
R_522_668,0.615112265327
R_522_670,0.702607639569
R_522_671,0.57319190733
R_522_672,0.585133251064
R_522_673,0.674521894174
R_522_674,0.645014897018
R_522_676,0.575208806416
R_522_680,0.519864233049
R_522_693,0.728997135907
R_522_695,0.629815153532
R_522_701,0.569143515478
R_522_702,0.647046204699
R_522_708,0.677547628026
R_522_716,0.569266199922
R_522_717,0.626473642636
R_522_720,0.592384672956
R_522_721,0.588194032596
R_522_722,0.553048270535
R_522_725,0.621022371204
R_522_727,0.651295195338
R_522_731,0.589407249126
R_522_748,0.648048892503
R_522_754,0.63352691119
R_522_773,0.655737132332
R_522_780,0.554611955115
R_522_781,0.570909912534
R_522_786,0.676890260786
R_522_789,0.61803438106
R_522_810,0.666844339051
R_522_817,0.617477123272
R_522_825,0.617030773474
R_522_826,0.571755113132
R_522_829,0.646585543738
R_522_835,0.701053714761
R_522_846,0.602894951808
R_522_849,0.672689359799
R_526_533,0.432651029845
R_526_535,0.546222594281
R_526_539,0.547078694133
R_526_549,0.561539485265
R_526_556,0.595152852309
R_526_557,0.52490482491
R_526_562,0.464948783801
R_526_568,0.41357191575
R_526_577,0.407392459268
R_526_591,0.525784684629
R_526_592,0.5
R_526_603,0.419256617307
R_526_607,0.341554007688
R_526_612,0.487837680656
R_526_623,0.544900637092
R_526_625,0.575273713217
R_526_627,0.577638662567
R_526_629,0.563685590816
R_526_635,0.638872366333
R_526_636,0.400850588653
R_526_637,0.470101058216
R_526_641,0.465041050719
R_526_645,0.68891805019
R_526_648,0.5
R_526_651,0.410396907289
R_526_660,0.570896964954
R_526_666,0.445951053302
R_526_668,0.506010662532
R_526_670,0.604867479209
R_526_671,0.463956308851
R_526_672,0.47595958618
R_526_673,0.572341968202
R_526_674,0.535758928579
R_526_676,0.465908613566
R_526_680,0.411520907344
R_526_693,0.637288202663
R_526_695,0.52065604947
R_526_701,0.459967910001
R_526_702,0.54183270386
R_526_708,0.575694312821
R_526_716,0.460035699325
R_526_717,0.517416694839
R_526_720,0.483127719236
R_526_721,0.479019340017
R_526_722,0.443843002476
R_526_725,0.511974366223
R_526_727,0.54643387
R_526_731,0.480206041938
R_526_748,0.538750847111
R_526_754,0.524418055717
R_526_773,0.551434942961
R_526_780,0.445371315543
R_526_781,0.461657179272
R_526_786,0.574968463438
R_526_789,0.508974510578
R_526_810,0.563666552966
R_526_817,0.508423626047
R_526_825,0.507976485955
R_526_826,0.46248497299
R_526_829,0.537338663193
R_526_835,0.602937300907
R_526_846,0.493773701716
R_526_849,0.570192606798
R_533_535,0.610463224165
R_533_539,0.611274882661
R_533_549,0.625823022512
R_533_556,0.654934785886
R_533_557,0.589176985475
R_533_562,0.529497716122
R_533_568,0.477019408577
R_533_577,0.470652623594
R_533_591,0.590060722218
R_533_592,0.561401784631
R_533_603,0.482989231135
R_533_607,0.399427727711
R_533_612,0.552289356221
R_533_623,0.609114020155
R_533_625,0.63977257506
R_533_627,0.642214227493
R_533_629,0.627953578155
R_533_635,0.693319712485
R_533_636,0.463774586094
R_533_637,0.534692560818
R_533_641,0.529520426428
R_533_645,0.741359902158
R_533_648,0.564985033123
R_533_651,0.473792528046
R_533_660,0.635379557948
R_533_666,0.510367108207
R_533_668,0.570451765693
R_533_670,0.663773866712
R_533_671,0.528523354719
R_533_672,0.540587911261
R_533_673,0.636762383293
R_533_674,0.600038913452
R_533_676,0.530515140033
R_533_680,0.474755016645
R_533_693,0.692073805064
R_533_695,0.585018100823
R_533_701,0.524459072102
R_533_702,0.606152183195
R_533_708,0.640130813697
R_533_716,0.524572955446
R_533_717,0.581774925416
R_533_720,0.547693457396
R_533_721,0.54358713447
R_533_722,0.508176141497
R_533_725,0.576360933948
R_533_727,0.610693149908
R_533_731,0.544698031663
R_533_748,0.603029337632
R_533_754,0.588760122664
R_533_773,0.6156863776
R_533_780,0.509776113869
R_533_781,0.5261702311
R_533_786,0.639489025498
R_533_789,0.573295350774
R_533_810,0.627966977904
R_533_817,0.572729320767
R_533_825,0.572437192689
R_533_826,0.526978737703
R_533_829,0.601565539334
R_533_835,0.661991555863
R_533_846,0.558224019751
R_533_849,0.634525158485
R_535_539,0.5
R_535_549,0.512202729398
R_535_556,0.546028957568
R_535_557,0.475377854066
R_535_562,0.416481191334
R_535_568,0.36775914653
R_535_577,0.361999169482
R_535_591,0.476259721902
R_535_592,0.447557271912
R_535_603,0.373061010261
R_535_607,0.29577865302
R_535_612,0.438753568421
R_535_623,0.5
R_535_625,0.525979996184
R_535_627,0.528391357751
R_535_629,0.514409380079
R_535_635,0.589326381881
R_535_636,0.355905576873
R_535_637,0.42147239021
R_535_641,0.416479685811
R_535_645,0.644911011245
R_535_648,0.451262139426
R_535_651,0.364785359948
R_535_660,0.521679174732
R_535_666,0.398286043961
R_535_668,0.456613905747
R_535_670,0.555681850169
R_535_671,0.415465565999
R_535_672,0.427111467354
R_535_673,0.52304237352
R_535_674,0.486242807998
R_535_676,0.417391337286
R_535_680,0.365866446012
R_535_693,0.587850959705
R_535_695,0.471188918517
R_535_701,0.411667335623
R_535_702,0.492389750954
R_535_708,0.526356669452
R_535_716,0.411679568974
R_535_717,0.467973192486
R_535_720,0.43415055765
R_535_721,0.430020448407
R_535_722,0.39623465405
R_535_725,0.462544735774
R_535_727,0.5
R_535_731,0.431325749879
R_535_748,0.489262464148
R_535_754,0.474913109662
R_535_773,0.5
R_535_780,0.397736874477
R_535_781,0.413210535346
R_535_786,0.525650114906
R_535_789,0.459586578952
R_535_810,0.514284015589
R_535_817,0.458882807045
R_535_825,0.458538962307
R_535_826,0.414144874339
R_535_829,0.487856971001
R_535_835,0.553677485209
R_535_846,0.44452027859
R_535_849,0.520903524535
R_539_549,0.511177629071
R_539_556,0.545004260414
R_539_557,0.474469626594
R_539_562,0.415583112669
R_539_568,0.366959379623
R_539_577,0.361174147583
R_539_591,0.475287260527
R_539_592,0.446593256481
R_539_603,0.372281310728
R_539_607,0.295110065569
R_539_612,0.437924049702
R_539_623,0.494446761018
R_539_625,0.525039943297
R_539_627,0.527396324692
R_539_629,0.513419053393
R_539_635,0.588413863059
R_539_636,0.355113174064
R_539_637,0.4205654523
R_539_641,0.415661817818
R_539_645,0.647890946536
R_539_648,0.450252048423
R_539_651,0.364005615011
R_539_660,0.520612592973
R_539_666,0.397482509155
R_539_668,0.455702913538
R_539_670,0.554721738947
R_539_671,0.414553529813
R_539_672,0.426251616978
R_539_673,0.522106172744
R_539_674,0.485338698408
R_539_676,0.416539666732
R_539_680,0.36513046835
R_539_693,0.586843833103
R_539_695,0.470254551016
R_539_701,0.410805448131
R_539_702,0.491396849303
R_539_708,0.525484417498
R_539_716,0.410784999103
R_539_717,0.466963976321
R_539_720,0.433281898862
R_539_721,0.4291855708
R_539_722,0.395394403262
R_539_725,0.461547510493
R_539_727,0.5
R_539_731,0.43040425657
R_539_748,0.488347474853
R_539_754,0.473960853053
R_539_773,0.5
R_539_780,0.396868202059
R_539_781,0.412384507884
R_539_786,0.524681589167
R_539_789,0.458676869026
R_539_810,0.513338381159
R_539_817,0.458145999254
R_539_825,0.457590459309
R_539_826,0.41325806175
R_539_829,0.486856277446
R_539_835,0.552746600486
R_539_846,0.443589057967
R_539_849,0.519974609337
R_549_556,0.530704949108
R_549_557,0.460123498271
R_549_562,0.401783281662
R_549_568,0.354140486607
R_549_577,0.348578387064
R_549_591,0.460893912103
R_549_592,0.432348744042
R_549_603,0.359404442612
R_549_607,0.28317184154
R_549_612,0.423749940961
R_549_623,0.480019502959
R_549_625,0.510623368796
R_549_627,0.512915954414
R_549_629,0.5
R_549_635,0.574094527626
R_549_636,0.342608514311
R_549_637,0.406765962587
R_549_641,0.401830580411
R_549_645,0.633400263401
R_549_648,0.436105687537
R_549_651,0.351312029543
R_549_660,0.50624830335
R_549_666,0.383995586521
R_549_668,0.441342350241
R_549_670,0.540337886743
R_549_671,0.400860571102
R_549_672,0.412304363033
R_549_673,0.507550989004
R_549_674,0.470851903579
R_549_676,0.402746261053
R_549_680,0.35237975114
R_549_693,0.572492847385
R_549_695,0.455880953407
R_549_701,0.397058588322
R_549_702,0.476894160378
R_549_708,0.511027145032
R_549_716,0.397167405234
R_549_717,0.452629396117
R_549_720,0.4191917575
R_549_721,0.415143022315
R_549_722,0.382087583399
R_549_725,0.447250844736
R_549_727,0.481626583911
R_549_731,0.416506413742
R_549_748,0.473857770835
R_549_754,0.459516495169
R_549_773,0.486625513138
R_549_780,0.383473817278
R_549_781,0.398719121709
R_549_786,0.510256532978
R_549_789,0.444387502718
R_549_810,0.5
R_549_817,0.443800217367
R_549_825,0.44329502541
R_549_826,0.399612849225
R_549_829,0.472442980822
R_549_835,0.538365728425
R_549_846,0.429474188659
R_549_849,0.505607602851
R_556_557,0.426800705018
R_556_562,0.370613004197
R_556_568,0.321690567967
R_556_577,0.316024635346
R_556_591,0.427548344238
R_556_592,0.399835813695
R_556_603,0.330468492279
R_556_607,0.256495595771
R_556_612,0.391698437503
R_556_623,0.446296118171
R_556_625,0.476683948806
R_556_627,0.478950162225
R_556_629,0.465174543165
R_556_635,0.540383973421
R_556_636,0.310059569793
R_556_637,0.375317850093
R_556_641,0.370702912436
R_556_645,0.599529282007
R_556_648,0.403422349368
R_556_651,0.318818483993
R_556_660,0.47225367035
R_556_666,0.353758878108
R_556_668,0.408585417786
R_556_670,0.506437690305
R_556_671,0.369678242614
R_556_672,0.380632600781
R_556_673,0.473679095817
R_556_674,0.437313799058
R_556_676,0.371522050618
R_556_680,0.319997568028
R_556_693,0.538716798827
R_556_695,0.422659014994
R_556_701,0.366149262754
R_556_702,0.443222840681
R_556_708,0.477145895888
R_556_716,0.366162295928
R_556_717,0.419457625236
R_556_720,0.387280127164
R_556_721,0.383372410021
R_556_722,0.351877380439
R_556_725,0.414235641139
R_556_727,0.447899936376
R_556_731,0.384665518514
R_556_748,0.44026851011
R_556_754,0.426196213949
R_556_773,0.45281775455
R_556_780,0.353196522102
R_556_781,0.367667766784
R_556_786,0.47629368133
R_556_789,0.411539266094
R_556_810,0.465016266698
R_556_817,0.411035867959
R_556_825,0.410405022023
R_556_826,0.36854890439
R_556_829,0.43883682631
R_556_835,0.5
R_556_846,0.397102452442
R_556_849,0.471701583614
R_557_562,0.437134853769
R_557_568,0.387116934227
R_557_577,0.381244802696
R_557_591,0.5
R_557_592,0.468731940314
R_557_603,0.392680231803
R_557_607,0.313941516037
R_557_612,0.459775621628
R_557_623,0.516752491018
R_557_625,0.54734910698
R_557_627,0.549668248013
R_557_629,0.535705199008
R_557_635,0.610627036125
R_557_636,0.374952169677
R_557_637,0.442248471811
R_557_641,0.437162480921
R_557_645,0.664253574402
R_557_648,0.472425752391
R_557_651,0.384144912444
R_557_660,0.543000131918
R_557_666,0.418612478209
R_557_668,0.477874688734
R_557_670,0.576927813343
R_557_671,0.436144780817
R_557_672,0.448100081223
R_557_673,0.544313611227
R_557_674,0.507651085722
R_557_676,0.438142201977
R_557_680,0.385119266177
R_557_693,0.609082090028
R_557_695,0.492549899088
R_557_701,0.432249006441
R_557_702,0.513747813267
R_557_708,0.547722129825
R_557_716,0.432290289595
R_557_717,0.489243606373
R_557_720,0.455166971319
R_557_721,0.451012827573
R_557_722,0.416487432435
R_557_725,0.483790394388
R_557_727,0.518393172023
R_557_731,0.45224972882
R_557_748,0.510666240827
R_557_754,0.5
R_557_773,0.523379155041
R_557_780,0.41799062731
R_557_781,0.433885608468
R_557_786,0.546993083938
R_557_789,0.4808248705
R_557_810,0.535606361492
R_557_817,0.48028666782
R_557_825,0.479848840268
R_557_826,0.434766059972
R_557_829,0.50916154101
R_557_835,0.574940338635
R_557_846,0.465648759649
R_557_849,0.542200741727
R_562_568,0.444505891012
R_562_577,0.438136027369
R_562_591,0.55744528557
R_562_592,0.528690210932
R_562_603,0.450367013684
R_562_607,0.369318657871
R_562_612,0.519750930658
R_562_623,0.576562449875
R_562_625,0.606898288066
R_562_627,0.609316360198
R_562_629,0.595344085063
R_562_635,0.664777129872
R_562_636,0.431361973285
R_562_637,0.5
R_562_641,0.5
R_562_645,0.715556663735
R_562_648,0.532410589577
R_562_651,0.441258922239
R_562_660,0.602541519094
R_562_666,0.47759667368
R_562_668,0.537823735769
R_562_670,0.636747590932
R_562_671,0.5
R_562_672,0.507781929786
R_562_673,0.603965788038
R_562_674,0.567458330971
R_562_676,0.5
R_562_680,0.44244782859
R_562_693,0.663445156795
R_562_695,0.552462466386
R_562_701,0.491655802342
R_562_702,0.573535172554
R_562_708,0.60730448652
R_562_716,0.491774975307
R_562_717,0.549213524933
R_562_720,0.515024052562
R_562_721,0.510811884173
R_562_722,0.475444872472
R_562_725,0.543782257383
R_562_727,0.578097782146
R_562_731,0.512095092826
R_562_748,0.570449019681
R_562_754,0.556165348452
R_562_773,0.58310867248
R_562_780,0.477042584698
R_562_781,0.493405612201
R_562_786,0.606609108202
R_562_789,0.540794811606
R_562_810,0.595305054988
R_562_817,0.540116839357
R_562_825,0.539766157607
R_562_826,0.494327638809
R_562_829,0.56903964472
R_562_835,0.634747852392
R_562_846,0.525592962165
R_562_849,0.601877100022
R_568_577,0.490251564635
R_568_591,0.609626726617
R_568_592,0.58094639325
R_568_603,0.5
R_568_607,0.418141129662
R_568_612,0.572021839774
R_568_623,0.62888538452
R_568_625,0.65467990103
R_568_627,0.656910226112
R_568_629,0.647898398819
R_568_635,0.709872459639
R_568_636,0.483327863243
R_568_637,0.554406319029
R_568_641,0.549228005605
R_568_645,0.756306278492
R_568_648,0.58459417486
R_568_651,0.493457489962
R_568_660,0.650710546757
R_568_666,0.530090333756
R_568_668,0.590028927743
R_568_670,0.681141485218
R_568_671,0.548180631195
R_568_672,0.560118294586
R_568_673,0.652034749062
R_568_674,0.619694465604
R_568_676,0.550181740407
R_568_680,0.494635517591
R_568_693,0.70865834102
R_568_695,0.604649504296
R_568_701,0.544094223846
R_568_702,0.625845962249
R_568_708,0.655056422831
R_568_716,0.544238737872
R_568_717,0.601396977056
R_568_720,0.567340235716
R_568_721,0.563159642025
R_568_722,0.527936112938
R_568_725,0.595971036302
R_568_727,0.630437664903
R_568_731,0.564394243505
R_568_748,0.622704313972
R_568_754,0.608365094676
R_568_773,0.635492067434
R_568_780,0.529548068344
R_568_781,0.545842605106
R_568_786,0.654454004855
R_568_789,0.592953435186
R_568_810,0.647894621387
R_568_817,0.592257465185
R_568_825,0.591965257827
R_568_826,0.546742314054
R_568_829,0.621300614207
R_568_835,0.679438699495
R_568_846,0.577841432054
R_568_849,0.650100872373
R_577_591,0.616104086954
R_577_592,0.587361577476
R_577_603,0.509235634396
R_577_607,0.424395822074
R_577_612,0.578451082372
R_577_623,0.635358012517
R_577_625,0.660488170522
R_577_627,0.662692928784
R_577_629,0.650049898277
R_577_635,0.715139329137
R_577_636,0.489835053652
R_577_637,0.560900269402
R_577_641,0.555661707936
R_577_645,0.761028180599
R_577_648,0.59098849084
R_577_651,0.5
R_577_660,0.656584426755
R_577_666,0.536637396921
R_577_668,0.596453116017
R_577_670,0.686692540617
R_577_671,0.554625715277
R_577_672,0.566548590676
R_577_673,0.657809798599
R_577_674,0.626121533849
R_577_676,0.556660746676
R_577_680,0.5
R_577_693,0.713910179856
R_577_695,0.611142489059
R_577_701,0.550578830561
R_577_702,0.632301572762
R_577_708,0.660858545024
R_577_716,0.550689319513
R_577_717,0.607832092272
R_577_720,0.573835404161
R_577_721,0.569552213484
R_577_722,0.534475379165
R_577_725,0.602406025552
R_577_727,0.636999319583
R_577_731,0.570916649756
R_577_748,0.629137270684
R_577_754,0.614776471084
R_577_773,0.641988127685
R_577_780,0.536075125707
R_577_781,0.552263131775
R_577_786,0.660259595027
R_577_789,0.599427022312
R_577_810,0.649957871809
R_577_817,0.598710738369
R_577_825,0.598400215587
R_577_826,0.553222383932
R_577_829,0.627750688436
R_577_835,0.685034139433
R_577_846,0.584297784863
R_577_849,0.655981543881
R_591_592,0.467793330281
R_591_603,0.391884420377
R_591_607,0.313237397512
R_591_612,0.458979591835
R_591_623,0.515967127421
R_591_625,0.546401143292
R_591_627,0.548749090397
R_591_629,0.534954303882
R_591_635,0.609753496592
R_591_636,0.374121006675
R_591_637,0.441497618363
R_591_641,0.436419018226
R_591_645,0.663519590844
R_591_648,0.471602086952
R_591_651,0.383333708021
R_591_660,0.542090099463
R_591_666,0.417780007689
R_591_668,0.476976011374
R_591_670,0.575971274156
R_591_671,0.435392010551
R_591_672,0.447138397948
R_591_673,0.543394357468
R_591_674,0.506698555569
R_591_676,0.437297899996
R_591_680,0.384500709638
R_591_693,0.608150958211
R_591_695,0.491668371253
R_591_701,0.43143801369
R_591_702,0.512820291211
R_591_708,0.546829389663
R_591_716,0.431551851141
R_591_717,0.488427044875
R_591_720,0.454305819039
R_591_721,0.450129613751
R_591_722,0.41578786435
R_591_725,0.48298712106
R_591_727,0.517535789341
R_591_731,0.451549431423
R_591_748,0.50971468324
R_591_754,0.5
R_591_773,0.522569182568
R_591_780,0.41724709768
R_591_781,0.433101525842
R_591_786,0.546083407502
R_591_789,0.48004260162
R_591_810,0.53478612691
R_591_817,0.479341871704
R_591_825,0.478941232286
R_591_826,0.434070936989
R_591_829,0.508383218122
R_591_835,0.574079313944
R_591_846,0.464908334092
R_591_849,0.541419582833
R_592_603,0.419209044377
R_592_607,0.34143494793
R_592_612,0.487747679793
R_592_623,0.544891247935
R_592_625,0.575200721512
R_592_627,0.577604367076
R_592_629,0.563765835312
R_592_635,0.638760726131
R_592_636,0.400751092476
R_592_637,0.470134523523
R_592_641,0.464897491867
R_592_645,0.688913095381
R_592_648,0.5
R_592_651,0.410348353364
R_592_660,0.570898723465
R_592_666,0.445891047029
R_592_668,0.505901450089
R_592_670,0.60482673233
R_592_671,0.463901761363
R_592_672,0.475845911549
R_592_673,0.572251156393
R_592_674,0.535673337787
R_592_676,0.465884117243
R_592_680,0.411450117751
R_592_693,0.637263967056
R_592_695,0.520663271021
R_592_701,0.459861832262
R_592_702,0.54179047401
R_592_708,0.57556076472
R_592_716,0.459981521605
R_592_717,0.517413568213
R_592_720,0.483072193385
R_592_721,0.47887175921
R_592_722,0.443841074229
R_592_725,0.511963077912
R_592_727,0.54643093135
R_592_731,0.480237449584
R_592_748,0.538675018823
R_592_754,0.524358126969
R_592_773,0.551454054735
R_592_780,0.445390929585
R_592_781,0.461560779791
R_592_786,0.574902145307
R_592_789,0.508979393315
R_592_810,0.56363896976
R_592_817,0.508291891667
R_592_825,0.507895822748
R_592_826,0.462484654641
R_592_829,0.537329459458
R_592_835,0.602829033063
R_592_846,0.493693788441
R_592_849,0.570232148109
R_603_607,0.412446073299
R_603_612,0.566135819556
R_603_623,0.622865500554
R_603_625,0.64926693196
R_603_627,0.6514862312
R_603_629,0.641841787197
R_603_635,0.704958042801
R_603_636,0.477398786287
R_603_637,0.548455811836
R_603_641,0.543344313662
R_603_645,0.751889341566
R_603_648,0.578579272621
R_603_651,0.487541628598
R_603_660,0.645236726801
R_603_666,0.524210159923
R_603_668,0.584137908697
R_603_670,0.675912679118
R_603_671,0.542230657121
R_603_672,0.554216708933
R_603_673,0.646590708178
R_603_674,0.613725152577
R_603_676,0.544264603609
R_603_680,0.488693274068
R_603_693,0.703663290249
R_603_695,0.598718271096
R_603_701,0.538226702637
R_603_702,0.619839101851
R_603_708,0.649683013947
R_603_716,0.53828535357
R_603_717,0.595422673634
R_603_720,0.561475957632
R_603_721,0.557264907573
R_603_722,0.521992383782
R_603_725,0.590013603817
R_603_727,0.624472537467
R_603_731,0.558491116633
R_603_748,0.616722756923
R_603_754,0.602399974275
R_603_773,0.629430471818
R_603_780,0.523588184207
R_603_781,0.539899487756
R_603_786,0.649028475503
R_603_789,0.587036497592
R_603_810,0.641826560971
R_603_817,0.586440323125
R_603_825,0.586046830185
R_603_826,0.540781686144
R_603_829,0.615289215774
R_603_835,0.674250119344
R_603_846,0.571947628869
R_603_849,0.64463001502
R_607_612,0.647363352297
R_607_623,0.697616841302
R_607_625,0.722773536352
R_607_627,0.724736912297
R_607_629,0.713279635978
R_607_635,0.770904718577
R_607_636,0.562831170278
R_607_637,0.633656505454
R_607_641,0.628444389185
R_607_645,0.810163175698
R_607_648,0.658826696891
R_607_651,0.572895269725
R_607_660,0.719234801118
R_607_666,0.609293158643
R_607_668,0.663838441955
R_607_670,0.746014962045
R_607_671,0.627387904751
R_607_672,0.639488278822
R_607_673,0.720368095504
R_607_674,0.68986486701
R_607_676,0.62940925272
R_607_680,0.573916891877
R_607_693,0.769829885181
R_607_695,0.676819632558
R_607_701,0.623265648178
R_607_702,0.695106065343
R_607_708,0.723127917086
R_607_716,0.623418905486
R_607_717,0.673914555729
R_607_720,0.646832895138
R_607_721,0.642556684505
R_607_722,0.607084484498
R_607_725,0.669105151143
R_607_727,0.698988802545
R_607_731,0.643755189548
R_607_748,0.692431320733
R_607_754,0.680055796652
R_607_773,0.703121650304
R_607_780,0.608690168422
R_607_781,0.625014254893
R_607_786,0.722592835625
R_607_789,0.666361269368
R_607_810,0.713313244752
R_607_817,0.665793969434
R_607_825,0.665574963444
R_607_826,0.625869903536
R_607_829,0.691194652882
R_607_835,0.744588526682
R_607_846,0.652774226085
R_607_849,0.718641449079
R_612_623,0.553720206594
R_612_625,0.584099194745
R_612_627,0.58648854783
R_612_629,0.572413145023
R_612_635,0.647803076777
R_612_636,0.409287789146
R_612_637,0.478936293169
R_612_641,0.473864125608
R_612_645,0.696423324395
R_612_648,0.509393211241
R_612_651,0.418910401823
R_612_660,0.579683224394
R_612_666,0.454726936016
R_612_668,0.514925928781
R_612_670,0.6137642962
R_612_671,0.472764277283
R_612_672,0.484884040802
R_612_673,0.581223649006
R_612_674,0.544686663124
R_612_676,0.474779567833
R_612_680,0.420027705282
R_612_693,0.64629482563
R_612_695,0.529534858043
R_612_701,0.468775125251
R_612_702,0.550731891085
R_612_708,0.584498189762
R_612_716,0.468819575489
R_612_717,0.526287492037
R_612_720,0.492020034672
R_612_721,0.487926701319
R_612_722,0.452533107649
R_612_725,0.520839258106
R_612_727,0.555225272151
R_612_731,0.488994952364
R_612_748,0.54767401222
R_612_754,0.533336358951
R_612_773,0.560249814094
R_612_780,0.454126817638
R_612_781,0.470494520759
R_612_786,0.583789495874
R_612_789,0.517823605761
R_612_810,0.572485803364
R_612_817,0.517312721141
R_612_825,0.516865643869
R_612_826,0.471271901396
R_612_829,0.546172478682
R_612_835,0.611742412012
R_612_846,0.5
R_612_849,0.57897686315
R_623_625,0.527347831088
R_623_627,0.529648389574
R_623_629,0.515808163586
R_623_635,0.590722568631
R_623_636,0.357038915731
R_623_637,0.422783207375
R_623_641,0.417758348206
R_623_645,0.646256362062
R_623_648,0.452550369124
R_623_651,0.365990289402
R_623_660,0.522981628232
R_623_666,0.399527180014
R_623_668,0.457862440768
R_623_670,0.556995412007
R_623_671,0.416766633536
R_623_672,0.428411911292
R_623_673,0.524286486015
R_623_674,0.487560992114
R_623_676,0.418679386131
R_623_680,0.367081629099
R_623_693,0.589125115286
R_623_695,0.472517197967
R_623_701,0.41287928516
R_623_702,0.493632386502
R_623_708,0.527752516225
R_623_716,0.412996606358
R_623_717,0.469248242584
R_623_720,0.43541871452
R_623_721,0.431307970336
R_623_722,0.397571861274
R_623_725,0.463827433403
R_623_727,0.5
R_623_731,0.432677178058
R_623_748,0.490575920212
R_623_754,0.476178038204
R_623_773,0.5
R_623_780,0.398997350431
R_623_781,0.414570775084
R_623_786,0.526993763319
R_623_789,0.460928427249
R_623_810,0.515663829973
R_623_817,0.460315445203
R_623_825,0.459833290138
R_623_826,0.415487140272
R_623_829,0.489165122283
R_623_835,0.555039378915
R_623_846,0.445856386932
R_623_849,0.522334296608
R_625_627,0.5
R_625_629,0.485193324443
R_625_635,0.560260364663
R_625_636,0.33107634537
R_625_637,0.393743192027
R_625_641,0.388932080121
R_625_645,0.619349107894
R_625_648,0.422652407036
R_625_651,0.339518196245
R_625_660,0.492444859405
R_625_666,0.371480342049
R_625_668,0.427904713575
R_625_670,0.526512645774
R_625_671,0.387964781958
R_625_672,0.399234387299
R_625_673,0.493739410115
R_625_674,0.457071180012
R_625_676,0.389817883464
R_625_680,0.340496874689
R_625_693,0.558722965543
R_625_695,0.442231330676
R_625_701,0.384324424243
R_625_702,0.463159682969
R_625_708,0.5
R_625_716,0.38433220241
R_625_717,0.439038362971
R_625_720,0.406021276825
R_625_721,0.402031525218
R_625_722,0.369522821348
R_625_725,0.433710099919
R_625_727,0.467798574115
R_625_731,0.403308313181
R_625_748,0.46006852834
R_625_754,0.445869109186
R_625_773,0.472843370471
R_625_780,0.370920898128
R_625_781,0.385788926031
R_625_786,0.5
R_625_789,0.430850152276
R_625_810,0.484992812751
R_625_817,0.430229280698
R_625_825,0.429812053768
R_625_826,0.386714018319
R_625_829,0.458662727545
R_625_835,0.524525032752
R_625_846,0.416134987207
R_625_849,0.491635406885
R_627_629,0.482906242734
R_627_635,0.557972104112
R_627_636,0.329001921927
R_627_637,0.391551560758
R_627_641,0.386709756723
R_627_645,0.617130676361
R_627_648,0.420366244681
R_627_651,0.337441504925
R_627_660,0.490087433121
R_627_666,0.369261058226
R_627_668,0.425530990553
R_627_670,0.524196741472
R_627_671,0.385783674357
R_627_672,0.396959689052
R_627_673,0.491392652338
R_627_674,0.454735402621
R_627_676,0.387601065099
R_627_680,0.338450163535
R_627_693,0.556441978841
R_627_695,0.439905315619
R_627_701,0.382086282486
R_627_702,0.460795604174
R_627_708,0.494765238598
R_627_716,0.38216731488
R_627_717,0.436735830003
R_627_720,0.403708832927
R_627_721,0.399764858451
R_627_722,0.367416507532
R_627_725,0.431415070836
R_627_727,0.465469272731
R_627_731,0.401077998094
R_627_748,0.457723674987
R_627_754,0.443533542859
R_627_773,0.470518335072
R_627_780,0.368789062053
R_627_781,0.383639975001
R_627_786,0.494053995656
R_627_789,0.428569903788
R_627_810,0.482715518723
R_627_817,0.427932121238
R_627_825,0.427481130153
R_627_826,0.384536426353
R_627_829,0.456372390907
R_627_835,0.522179464128
R_627_846,0.413835325515
R_627_849,0.489381736189
R_629_635,0.57184068736
R_629_636,0.340769531716
R_629_637,0.404653877458
R_629_641,0.399839677424
R_629_645,0.631084276126
R_629_648,0.433845402415
R_629_651,0.349451203056
R_629_660,0.5
R_629_666,0.382056522906
R_629_668,0.439207083052
R_629_670,0.538024943769
R_629_671,0.398757516171
R_629_672,0.410193702333
R_629_673,0.505321971962
R_629_674,0.468601417125
R_629_676,0.400684565841
R_629_680,0.350603348968
R_629_693,0.570173297909
R_629_695,0.453663284646
R_629_701,0.395040548279
R_629_702,0.474625117471
R_629_708,0.50880394369
R_629_716,0.395070745636
R_629_717,0.450370508172
R_629_720,0.41714162521
R_629_721,0.413070182914
R_629_722,0.380070849976
R_629_725,0.445008040018
R_629_727,0.479370926148
R_629_731,0.414385454905
R_629_748,0.471602576259
R_629_754,0.457276950934
R_629_773,0.484314098179
R_629_780,0.381456485469
R_629_781,0.396633834193
R_629_786,0.507959724846
R_629_789,0.442224399485
R_629_810,0.5
R_629_817,0.441690697205
R_629_825,0.44108794453
R_629_826,0.397573714421
R_629_829,0.47015591697
R_629_835,0.536128171254
R_629_846,0.427339109904
R_629_849,0.5
R_635_636,0.274055573528
R_635_637,0.337142522598
R_635_641,0.332858855331
R_635_645,0.556038781342
R_635_648,0.363550456692
R_635_651,0.282099229552
R_635_660,0.429396722676
R_635_666,0.312762734991
R_635_668,0.36835411476
R_635_670,0.462947314569
R_635_671,0.331962829754
R_635_672,0.34223048114
R_635_673,0.430662072616
R_635_674,0.395531391079
R_635_676,0.33362846211
R_635_680,0.283067269789
R_635_693,0.5
R_635_695,0.38154781385
R_635_701,0.328732780668
R_635_702,0.401257263254
R_635_708,0.433962210611
R_635_716,0.32868956331
R_635_717,0.378607521643
R_635_720,0.348310093596
R_635_721,0.344734908731
R_635_722,0.31084453379
R_635_725,0.373664052994
R_635_727,0.405598921545
R_635_731,0.345821664643
R_635_748,0.398364249389
R_635_754,0.384996917332
R_635_773,0.410477053346
R_635_780,0.312184683105
R_635_781,0.330036456493
R_635_786,0.433197790127
R_635_789,0.371023145471
R_635_810,0.422127282849
R_635_817,0.370494851196
R_635_825,0.370099442898
R_635_826,0.330845160407
R_635_829,0.396968836814
R_635_835,0.460920214348
R_635_846,0.357524470993
R_635_849,0.428529913805
R_636_637,0.567766969737
R_636_641,0.562553664115
R_636_645,0.766022055993
R_636_648,0.597886423266
R_636_651,0.506924733446
R_636_660,0.662822792538
R_636_666,0.543500993729
R_636_668,0.603358101431
R_636_670,0.692634556452
R_636_671,0.561529063756
R_636_672,0.573401266154
R_636_673,0.664063089614
R_636_674,0.63307915442
R_636_676,0.563531449239
R_636_680,0.508036700132
R_636_693,0.719574150321
R_636_695,0.618051276232
R_636_701,0.557472770222
R_636_702,0.63931056767
R_636_708,0.667030554614
R_636_716,0.557590041102
R_636_717,0.614774935491
R_636_720,0.580690518022
R_636_721,0.576439206346
R_636_722,0.541350787998
R_636_725,0.609337939054
R_636_727,0.643977126391
R_636_731,0.577772311176
R_636_748,0.636104119986
R_636_754,0.621735668135
R_636_773,0.645109327297
R_636_780,0.542961615182
R_636_781,0.559137301186
R_636_786,0.666468495319
R_636_789,0.606305227702
R_636_810,0.656249885679
R_636_817,0.605559469855
R_636_825,0.605307400741
R_636_826,0.560076524592
R_636_829,0.634751234888
R_636_835,0.690995395268
R_636_846,0.591182013392
R_636_849,0.662193057766
R_637_641,0.491617614624
R_637_645,0.711392122758
R_637_648,0.527090705897
R_637_651,0.436161723062
R_637_660,0.597279405904
R_637_666,0.472437974781
R_637_668,0.532616544353
R_637_670,0.631482911117
R_637_671,0.490487684417
R_637_672,0.5
R_637_673,0.598756016187
R_637_674,0.562263014536
R_637_676,0.492541598149
R_637_680,0.437386532601
R_637_693,0.65873099104
R_637_695,0.547268521139
R_637_701,0.486453304854
R_637_702,0.568282991941
R_637_708,0.602189086121
R_637_716,0.486538709021
R_637_717,0.543948384339
R_637_720,0.50984594749
R_637_721,0.505610184696
R_637_722,0.470268494896
R_637_725,0.538524976153
R_637_727,0.572948331824
R_637_731,0.506906341586
R_637_748,0.565249487475
R_637_754,0.550923792107
R_637_773,0.577844546478
R_637_780,0.471820768829
R_637_781,0.488208489501
R_637_786,0.601409360367
R_637_789,0.535616247737
R_637_810,0.590115024553
R_637_817,0.535068135376
R_637_825,0.534534319966
R_637_826,0.489121107085
R_637_829,0.563803164322
R_637_835,0.629567834072
R_637_846,0.520402602801
R_637_849,0.596727711098
R_641_645,0.715470394639
R_641_648,0.532359847548
R_641_651,0.441204493417
R_641_660,0.602538571548
R_641_666,0.477521029016
R_641_668,0.537800687377
R_641_670,0.636703210059
R_641_671,0.5
R_641_672,0.507771432528
R_641_673,0.603923714913
R_641_674,0.567416874832
R_641_676,0.5
R_641_680,0.442356753606
R_641_693,0.663406743759
R_641_695,0.55237453184
R_641_701,0.491634211674
R_641_702,0.573501910543
R_641_708,0.60728855234
R_641_716,0.491744759307
R_641_717,0.549168938879
R_641_720,0.514955621764
R_641_721,0.510793424024
R_641_722,0.475365497495
R_641_725,0.543737449481
R_641_727,0.578032447222
R_641_731,0.512004228572
R_641_748,0.57040573016
R_641_754,0.556125259716
R_641_773,0.583066524716
R_641_780,0.476949026102
R_641_781,0.493372015918
R_641_786,0.606593768184
R_641_789,0.540695711577
R_641_810,0.595244277697
R_641_817,0.540036248837
R_641_825,0.539758638272
R_641_826,0.494251175799
R_641_829,0.568988378249
R_641_835,0.634739790027
R_641_846,0.525581538217
R_641_849,0.601765655466
R_645_648,0.308802412593
R_645_651,0.236518404903
R_645_660,0.373484710073
R_645_666,0.264067107949
R_645_668,0.313487573991
R_645_670,0.405060838764
R_645_671,0.278339158061
R_645_672,0.288316708619
R_645_673,0.374748078645
R_645_674,0.342460709942
R_645_676,0.279963977334
R_645_680,0.237443747334
R_645_693,0.436124744501
R_645_695,0.329719390779
R_645_701,0.275271369297
R_645_702,0.34761389685
R_645_708,0.377862323897
R_645_716,0.275189456401
R_645_717,0.323292548109
R_645_720,0.294150540881
R_645_721,0.290760357213
R_645_722,0.262317483066
R_645_725,0.318539891325
R_645_727,0.351617189635
R_645_731,0.29173200294
R_645_748,0.345036521512
R_645_754,0.332858099311
R_645_773,0.356041926811
R_645_780,0.263487036413
R_645_781,0.27653918692
R_645_786,0.377053845333
R_645_789,0.316075190773
R_645_810,0.366806888437
R_645_817,0.315710858535
R_645_825,0.315151665208
R_645_826,0.277292703965
R_645_829,0.343709749077
R_645_835,0.403157878486
R_645_846,0.303046789227
R_645_849,0.372738568675
R_648_651,0.406946593628
R_648_660,0.567119253964
R_648_666,0.442348404706
R_648_668,0.5
R_648_670,0.601042095551
R_648_671,0.460186311911
R_648_672,0.472195918217
R_648_673,0.568478071634
R_648_674,0.53194713204
R_648_676,0.462258940634
R_648_680,0.408032270429
R_648_693,0.633382636381
R_648_695,0.51696791705
R_648_701,0.456163878266
R_648_702,0.538018621655
R_648_708,0.571849600474
R_648_716,0.456276712709
R_648_717,0.513614830323
R_648_720,0.479438772299
R_648_721,0.475183364055
R_648_722,0.440260929744
R_648_725,0.508163140228
R_648_727,0.542734840374
R_648_731,0.476556213956
R_648_748,0.534947148049
R_648_754,0.520594741008
R_648_773,0.547640112718
R_648_780,0.441789546415
R_648_781,0.457900514875
R_648_786,0.571141652658
R_648_789,0.505269543365
R_648_810,0.559860067004
R_648_817,0.5
R_648_825,0.5
R_648_826,0.458864877172
R_648_829,0.533519853577
R_648_835,0.599055104506
R_648_846,0.489945543846
R_648_849,0.566515311006
R_651_660,0.65366454872
R_651_666,0.533432890019
R_651_668,0.593332014085
R_651_670,0.683992122787
R_651_671,0.551421336188
R_651_672,0.563381441959
R_651_673,0.655025029566
R_651_674,0.622980171003
R_651_676,0.553463055509
R_651_680,0.5
R_651_693,0.711361729038
R_651_695,0.607938256524
R_651_701,0.547433278414
R_651_702,0.629124185674
R_651_708,0.658064211424
R_651_716,0.547476471425
R_651_717,0.60464071604
R_651_720,0.570668878731
R_651_721,0.566428858319
R_651_722,0.531203862006
R_651_725,0.599221880813
R_651_727,0.63376094817
R_651_731,0.567686232837
R_651_748,0.62598951885
R_651_754,0.611625099973
R_651_773,0.638758844651
R_651_780,0.532820493307
R_651_781,0.54908559313
R_651_786,0.657422346384
R_651_789,0.596237188109
R_651_810,0.647079702353
R_651_817,0.595612125099
R_651_825,0.595222923286
R_651_826,0.54997326785
R_651_829,0.624561586248
R_651_835,0.682344183581
R_651_846,0.581123702769
R_651_849,0.653092512586
R_660_666,0.375466515223
R_660_668,0.432108440348
R_660_670,0.530832522901
R_660_671,0.392007663934
R_660_672,0.403303188335
R_660_673,0.5
R_660_674,0.461382938789
R_660_676,0.393927114028
R_660_680,0.344311671782
R_660_693,0.563022182808
R_660_695,0.446573966586
R_660_701,0.388326864164
R_660_702,0.467463713252
R_660_708,0.5
R_660_716,0.388350641018
R_660_717,0.443322994871
R_660_720,0.410220128265
R_660_721,0.406098841677
R_660_722,0.373525610557
R_660_725,0.437978102299
R_660_727,0.472179331652
R_660_731,0.4075481001
R_660_748,0.464385483544
R_660_754,0.450137893396
R_660_773,0.477190442124
R_660_780,0.374943806359
R_660_781,0.389836274107
R_660_786,0.5
R_660_789,0.435174714492
R_660_810,0.48937522293
R_660_817,0.434486637251
R_660_825,0.434011779702
R_660_826,0.390830125743
R_660_829,0.463007819172
R_660_835,0.528830615575
R_660_846,0.420316042027
R_660_849,0.5
R_666_668,0.556932894139
R_666_670,0.651473538218
R_666_671,0.514864340331
R_666_672,0.526907463048
R_666_673,0.623146724557
R_666_674,0.586481168365
R_666_676,0.516901888221
R_666_680,0.461358318643
R_666_693,0.680336397245
R_666_695,0.571473576443
R_666_701,0.510871591957
R_666_702,0.59256663394
R_666_708,0.626446717721
R_666_716,0.510903658742
R_666_717,0.568227110765
R_666_720,0.534168436326
R_666_721,0.530000258536
R_666_722,0.494524685638
R_666_725,0.562812934994
R_666_727,0.59708517617
R_666_731,0.531153427066
R_666_748,0.589463953252
R_666_754,0.575211468871
R_666_773,0.602095818705
R_666_780,0.5
R_666_781,0.512532499672
R_666_786,0.625730007978
R_666_789,0.559831259036
R_666_810,0.614346853915
R_666_817,0.559221261711
R_666_825,0.558825755191
R_666_826,0.513401735888
R_666_829,0.588037116835
R_666_835,0.649695893465
R_666_846,0.544674926112
R_666_849,0.620909388853
R_668_670,0.59569453839
R_668_671,0.454784069704
R_668_672,0.466726321391
R_668_673,0.563179742837
R_668_674,0.526532248632
R_668_676,0.456750885845
R_668_680,0.402746367752
R_668_693,0.62804229171
R_668_695,0.511457731539
R_668_701,0.450789908497
R_668_702,0.532675973242
R_668_708,0.566441117198
R_668_716,0.45087488698
R_668_717,0.508234052833
R_668_720,0.473907701701
R_668_721,0.469758502382
R_668_722,0.434787012358
R_668_725,0.5
R_668_727,0.537237145857
R_668_731,0.471012236289
R_668_748,0.529539115407
R_668_754,0.515215544045
R_668_773,0.542322909471
R_668_780,0.436347964667
R_668_781,0.45244680908
R_668_786,0.565780818364
R_668_789,0.5
R_668_810,0.554479224131
R_668_817,0.5
R_668_825,0.5
R_668_826,0.453361760829
R_668_829,0.528161862112
R_668_835,0.593686353151
R_668_846,0.484504207605
R_668_849,0.56102934837
R_670_671,0.361083475421
R_670_672,0.371854690477
R_670_673,0.464030757649
R_670_674,0.427835762699
R_670_676,0.362840740652
R_670_680,0.311430956554
R_670_693,0.529074606643
R_670_695,0.413333045329
R_670_701,0.357591706824
R_670_702,0.43378565411
R_670_708,0.467387973164
R_670_716,0.357626323997
R_670_717,0.410237634789
R_670_720,0.378313919157
R_670_721,0.374545845056
R_670_722,0.343510146321
R_670_725,0.405065022007
R_670_727,0.438363900338
R_670_731,0.375752102355
R_670_748,0.43077091956
R_670_754,0.416887680035
R_670_773,0.44334444422
R_670_780,0.344817838046
R_670_781,0.359026724634
R_670_786,0.466652594878
R_670_789,0.402315141477
R_670_810,0.45536906332
R_670_817,0.401747439224
R_670_825,0.401282400182
R_670_826,0.35988969557
R_670_829,0.429403351753
R_670_835,0.494731789269
R_670_846,0.38806832368
R_670_849,0.461961551078
R_671_672,0.508807856845
R_671_673,0.604895007946
R_671_674,0.568428396359
R_671_676,0.5
R_671_680,0.443471117642
R_671_693,0.66430522677
R_671_695,0.553479926156
R_671_701,0.492688448637
R_671_702,0.574490441981
R_671_708,0.608356852395
R_671_716,0.492803521576
R_671_717,0.550194459741
R_671_720,0.516082161938
R_671_721,0.51179690109
R_671_722,0.476516987358
R_671_725,0.544770852689
R_671_727,0.579153472074
R_671_731,0.513193270756
R_671_748,0.571419989246
R_671_754,0.557118017785
R_671_773,0.584082427444
R_671_780,0.478074028421
R_671_781,0.494432176287
R_671_786,0.60762400416
R_671_789,0.541808379521
R_671_810,0.596293585517
R_671_817,0.541153842041
R_671_825,0.540776183081
R_671_826,0.5
R_671_829,0.570013002326
R_671_835,0.635815641543
R_671_846,0.526664837677
R_671_849,0.602912682148
R_672_673,0.592929461716
R_672_674,0.556421722512
R_672_676,0.486718093241
R_672_680,0.431610259902
R_672_693,0.653418617765
R_672_695,0.541466035616
R_672_701,0.480707665826
R_672_702,0.562550985213
R_672_708,0.596250441422
R_672_716,0.480762450279
R_672_717,0.538220823256
R_672_720,0.5
R_672_721,0.5
R_672_722,0.464466541213
R_672_725,0.53278834048
R_672_727,0.567129099243
R_672_731,0.5
R_672_748,0.559418422473
R_672_754,0.545161356296
R_672_773,0.572135121602
R_672_780,0.466059935404
R_672_781,0.48232400663
R_672_786,0.595581008029
R_672_789,0.529785975597
R_672_810,0.584249142819
R_672_817,0.529111970047
R_672_825,0.528780183428
R_672_826,0.483274379703
R_672_829,0.558028345934
R_672_835,0.623610916689
R_672_846,0.514594126479
R_672_849,0.590800349902
R_673_674,0.460064649392
R_673_676,0.392556298024
R_673_680,0.342956067868
R_673_693,0.561748670847
R_673_695,0.445138771306
R_673_701,0.387028211244
R_673_702,0.466140368125
R_673_708,0.5
R_673_716,0.387134915509
R_673_717,0.442002510541
R_673_720,0.408742203904
R_673_721,0.404862162414
R_673_722,0.372211052529
R_673_725,0.436662069451
R_673_727,0.47077006048
R_673_731,0.406089416
R_673_748,0.463054842639
R_673_754,0.448840918325
R_673_773,0.475858432367
R_673_780,0.373585569987
R_673_781,0.388613780148
R_673_786,0.5
R_673_789,0.433737603335
R_673_810,0.488069154188
R_673_817,0.433125455209
R_673_825,0.432729900798
R_673_826,0.389440588724
R_673_829,0.461701919427
R_673_835,0.527511499506
R_673_846,0.418981854848
R_673_849,0.494673741458
R_674_676,0.427528446526
R_674_680,0.375193333954
R_674_693,0.598294451052
R_674_695,0.481676716774
R_674_701,0.421727343304
R_674_702,0.5
R_674_708,0.536879779781
R_674_716,0.421804025328
R_674_717,0.478437827561
R_674_720,0.444383523074
R_674_721,0.440323633953
R_674_722,0.406145792211
R_674_725,0.472999312607
R_674_727,0.507531523367
R_674_731,0.441552666107
R_674_748,0.5
R_674_754,0.485408775328
R_674_773,0.512592793487
R_674_780,0.407618426486
R_674_781,0.42334239578
R_674_786,0.536178640573
R_674_789,0.470031414276
R_674_810,0.524814345603
R_674_817,0.469429806505
R_674_825,0.469013475517
R_674_826,0.424228832907
R_674_829,0.5
R_674_835,0.564153967048
R_674_846,0.454897181545
R_674_849,0.53140177555
R_676_680,0.441457316961
R_676_693,0.662531146517
R_676_695,0.551464242966
R_676_701,0.490724784644
R_676_702,0.572515550783
R_676_708,0.606369035166
R_676_716,0.490794478422
R_676_717,0.548191491678
R_676_720,0.514044677311
R_676_721,0.509868026698
R_676_722,0.474466024005
R_676_725,0.542772017907
R_676_727,0.577129793156
R_676_731,0.511096811317
R_676_748,0.569445248992
R_676_754,0.555165444804
R_676_773,0.582069150102
R_676_780,0.476027753728
R_676_781,0.492431944146
R_676_786,0.605631522405
R_676_789,0.53981092513
R_676_810,0.594312054292
R_676_817,0.539250604932
R_676_825,0.538787994067
R_676_826,0.493296175535
R_676_829,0.568029079021
R_676_835,0.633801650835
R_676_846,0.524631145662
R_676_849,0.600876599117
R_680_693,0.710383673433
R_680_695,0.606713424358
R_680_701,0.54620576531
R_680_702,0.627953973066
R_680_708,0.657028291782
R_680_716,0.546301897057
R_680_717,0.60342045117
R_680_720,0.569448544077
R_680_721,0.565340332803
R_680_722,0.529974198752
R_680_725,0.597995098642
R_680_727,0.632504115941
R_680_731,0.566388821029
R_680_748,0.624877382426
R_680_754,0.610485303372
R_680_773,0.637501469686
R_680_780,0.53158136046
R_680_781,0.547989750645
R_680_786,0.656367221934
R_680_789,0.594976342118
R_680_810,0.645995473621
R_680_817,0.59447892324
R_680_825,0.594069020584
R_680_826,0.548756330935
R_680_829,0.62334288387
R_680_835,0.681294679562
R_680_846,0.57989014538
R_680_849,0.651954640319
R_693_695,0.382996653698
R_693_701,0.329974020687
R_693_702,0.402678324223
R_693_708,0.435444251036
R_693_716,0.33001731643
R_693_717,0.380034828946
R_693_720,0.349596625092
R_693_721,0.346030013775
R_693_722,0.312256246674
R_693_725,0.375085787042
R_693_727,0.407129208497
R_693_731,0.347208198233
R_693_748,0.399788935188
R_693_754,0.386405432515
R_693_773,0.411969746947
R_693_780,0.313562274388
R_693_781,0.331360341896
R_693_786,0.434718924266
R_693_789,0.372470891533
R_693_810,0.423694735301
R_693_817,0.371939733995
R_693_825,0.371460499419
R_693_826,0.332166785817
R_693_829,0.398470805333
R_693_835,0.46244367672
R_693_846,0.35887141593
R_693_849,0.430163411849
R_695_701,0.436373354102
R_695_702,0.51793263611
R_695_708,0.551929224747
R_695_716,0.436412573097
R_695_717,0.493466392345
R_695_720,0.459337447773
R_695_721,0.455179170632
R_695_722,0.42055819686
R_695_725,0.488019814065
R_695_727,0.522604764846
R_695_731,0.456455880697
R_695_748,0.514854898131
R_695_754,0.5
R_695_773,0.527595665544
R_695_780,0.422060748359
R_695_781,0.438018588295
R_695_786,0.551172149908
R_695_789,0.485097918406
R_695_810,0.539862412244
R_695_817,0.484532650709
R_695_825,0.484006873087
R_695_826,0.438914726405
R_695_829,0.513430516452
R_695_835,0.579158502265
R_695_846,0.469864485196
R_695_849,0.546476398327
R_701_702,0.578516214703
R_701_708,0.612278494887
R_701_716,0.5
R_701_717,0.554245768192
R_701_720,0.520058812875
R_701_721,0.515864400695
R_701_722,0.480522256556
R_701_725,0.548825457359
R_701_727,0.58306386651
R_701_731,0.51716189627
R_701_748,0.57540706769
R_701_754,0.561158552064
R_701_773,0.588115929497
R_701_780,0.482115260116
R_701_781,0.5
R_701_786,0.611586476459
R_701_789,0.545814322583
R_701_810,0.600285461051
R_701_817,0.545082891212
R_701_825,0.544791683462
R_701_826,0.5
R_701_829,0.574050848426
R_701_835,0.639773879862
R_701_846,0.530677969813
R_701_849,0.60683711758
R_702_708,0.530756500799
R_702_716,0.415928178031
R_702_717,0.472357073481
R_702_720,0.438389879284
R_702_721,0.434295864195
R_702_722,0.400419344209
R_702_725,0.466926633342
R_702_727,0.5
R_702_731,0.435637110847
R_702_748,0.493645906289
R_702_754,0.479289268927
R_702_773,0.506503489133
R_702_780,0.401880379729
R_702_781,0.417462196641
R_702_786,0.530074884828
R_702_789,0.463990807195
R_702_810,0.518743821686
R_702_817,0.463330185015
R_702_825,0.462898590096
R_702_826,0.418379677974
R_702_829,0.492284322195
R_702_835,0.558068370643
R_702_846,0.448845132568
R_702_849,0.525393037749
R_708_716,0.383925194155
R_708_717,0.438642852293
R_708_720,0.405617654696
R_708_721,0.401682569126
R_708_722,0.369075365195
R_708_725,0.433308500868
R_708_727,0.467357345125
R_708_731,0.402831618119
R_708_748,0.459717180833
R_708_754,0.445513230184
R_708_773,0.47245320365
R_708_780,0.37049410096
R_708_781,0.385395921959
R_708_786,0.5
R_708_789,0.430408323842
R_708_810,0.48458891818
R_708_817,0.42980353995
R_708_825,0.429446294899
R_708_826,0.386280431264
R_708_829,0.458260539588
R_708_835,0.524151412224
R_708_846,0.41572139822
R_708_849,0.491172195411
R_716_717,0.554115733207
R_716_720,0.520038170701
R_716_721,0.515752913785
R_716_722,0.480468754862
R_716_725,0.548695714701
R_716_727,0.583078117533
R_716_731,0.517141940062
R_716_748,0.575330350127
R_716_754,0.561035517995
R_716_773,0.587995209309
R_716_780,0.482020228654
R_716_781,0.5
R_716_786,0.611559089642
R_716_789,0.545739415662
R_716_810,0.600206368083
R_716_817,0.545082723668
R_716_825,0.544716412699
R_716_826,0.5
R_716_829,0.573923999923
R_716_835,0.639798757349
R_716_846,0.530619117943
R_716_849,0.606830349069
R_717_720,0.46257401427
R_717_721,0.458364321244
R_717_722,0.423785946299
R_717_725,0.491307460977
R_717_727,0.525897630024
R_717_731,0.459771057947
R_717_748,0.518103611068
R_717_754,0.5
R_717_773,0.530886143938
R_717_780,0.425279310179
R_717_781,0.441247966467
R_717_786,0.554412596354
R_717_789,0.488380596442
R_717_810,0.543130407561
R_717_817,0.487729327317
R_717_825,0.487263404043
R_717_826,0.442202773914
R_717_829,0.516717110578
R_717_835,0.582364821628
R_717_846,0.473136630384
R_717_849,0.549781397949
R_720_721,0.492588460164
R_720_722,0.457214706616
R_720_725,0.525553922422
R_720_727,0.559917499361
R_720_731,0.493767127857
R_720_748,0.552312735435
R_720_754,0.538005297172
R_720_773,0.56494595274
R_720_780,0.458820241647
R_720_781,0.475137918545
R_720_786,0.588431054012
R_720_789,0.522569920813
R_720_810,0.57714985207
R_720_817,0.521978912629
R_720_825,0.521535852327
R_720_826,0.475996240342
R_720_829,0.550872195429
R_720_835,0.616442752069
R_720_846,0.507312876644
R_720_849,0.583680651336
R_721_722,0.46146571892
R_721_725,0.529789158641
R_721_727,0.564145114278
R_721_731,0.5
R_721_748,0.556424626613
R_721_754,0.542157842771
R_721_773,0.569165621667
R_721_780,0.463022321619
R_721_781,0.479350329233
R_721_786,0.592636194264
R_721_789,0.526745525925
R_721_810,0.581296992731
R_721_817,0.526057262561
R_721_825,0.525792036986
R_721_826,0.480259422192
R_721_829,0.555065081445
R_721_835,0.620645269728
R_721_846,0.511597289413
R_721_849,0.587825676583
R_722_725,0.564896829831
R_722_727,0.599284772208
R_722_731,0.533402930808
R_722_748,0.591582385348
R_722_754,0.577261480608
R_722_773,0.604169554312
R_722_780,0.5
R_722_781,0.514727598274
R_722_786,0.62789137458
R_722_789,0.561975634609
R_722_810,0.616483836089
R_722_817,0.561420102315
R_722_825,0.560945161023
R_722_826,0.515645457413
R_722_829,0.590109795631
R_722_835,0.65171165161
R_722_846,0.546878648116
R_722_849,0.6231276704
R_725_727,0.531332215892
R_725_731,0.465181898672
R_725_748,0.523548761773
R_725_754,0.509166249485
R_725_773,0.536319896603
R_725_780,0.430563217499
R_725_781,0.446605393765
R_725_786,0.559832568633
R_725_789,0.493823494399
R_725_810,0.548555159816
R_725_817,0.493165107067
R_725_825,0.492715993662
R_725_826,0.447561350466
R_725_829,0.522163333985
R_725_835,0.587786195489
R_725_846,0.478581194577
R_725_849,0.555193455944
R_727_731,0.431106742463
R_727_748,0.489002341536
R_727_754,0.474613743531
R_727_773,0.5
R_727_780,0.397485930424
R_727_781,0.413000620878
R_727_786,0.525402480728
R_727_789,0.459353975751
R_727_810,0.514035234298
R_727_817,0.458785571278
R_727_825,0.458264983672
R_727_826,0.413913845952
R_727_829,0.487553129762
R_727_835,0.553496070979
R_727_846,0.444296845402
R_727_849,0.520693906055
R_731_748,0.555178424365
R_731_754,0.540823008836
R_731_773,0.567724873258
R_731_780,0.461749333519
R_731_781,0.4780861119
R_731_786,0.591254789962
R_731_789,0.525477842792
R_731_810,0.579985612326
R_731_817,0.524946954442
R_731_825,0.524396223172
R_731_826,0.478987710271
R_731_829,0.55367607981
R_731_835,0.619336654009
R_731_846,0.51025084128
R_731_849,0.586583458816
R_748_754,0.482400197806
R_748_773,0.50957533334
R_748_780,0.404771446845
R_748_781,0.420434946933
R_748_786,0.533165980785
R_748_789,0.46703735115
R_748_810,0.52179859463
R_748_817,0.466436402317
R_748_825,0.466012370984
R_748_826,0.42132478334
R_748_829,0.5
R_748_835,0.561149150729
R_748_846,0.451912546169
R_748_849,0.528393856759
R_754_773,0.523955514269
R_754_780,0.418513536075
R_754_781,0.434404030738
R_754_786,0.547497149147
R_754_789,0.48138726577
R_754_810,0.536178389814
R_754_817,0.480734403974
R_754_825,0.480328789776
R_754_826,0.435313583749
R_754_829,0.509759990439
R_754_835,0.575434993734
R_754_846,0.466181374425
R_754_849,0.542789956743
R_773_780,0.392879551992
R_773_781,0.408267103843
R_773_786,0.520347019019
R_773_789,0.454411998575
R_773_810,0.509023281929
R_773_817,0.45377152567
R_773_825,0.453272624446
R_773_826,0.409223928802
R_773_829,0.482559706087
R_773_835,0.54839569344
R_773_846,0.439352661376
R_773_849,0.515729678162
R_780_781,0.513169001988
R_780_786,0.626333721463
R_780_789,0.560439005452
R_780_810,0.614970140505
R_780_817,0.559883168901
R_780_825,0.55937594017
R_780_826,0.514058872592
R_780_829,0.588597668799
R_780_835,0.65027838648
R_780_846,0.545287998624
R_780_849,0.621606209739
R_781_786,0.609957649173
R_781_789,0.544089371564
R_781_810,0.598578474899
R_781_817,0.54350674266
R_781_825,0.543133884243
R_781_826,0.5
R_781_829,0.572287185979
R_781_835,0.638167108029
R_781_846,0.528992596866
R_781_849,0.605147041919
R_786_789,0.431163780674
R_786_810,0.485373503069
R_786_817,0.430539707248
R_786_825,0.430115237312
R_786_826,0.386989435447
R_786_829,0.459010211363
R_786_835,0.524905879626
R_786_846,0.416429844536
R_786_849,0.492031469317
R_789_810,0.551457126369
R_789_817,0.5
R_789_825,0.5
R_789_826,0.45046255776
R_789_829,0.525082134652
R_789_835,0.590717875501
R_789_846,0.481548592948
R_789_849,0.558046752931
R_810_817,0.441726624506
R_810_825,0.441232864168
R_810_826,0.397581924449
R_810_829,0.470291412591
R_810_835,0.536280909754
R_810_846,0.427418969795
R_810_849,0.5
R_817_825,0.5
R_817_826,0.45099071906
R_817_829,0.525692169818
R_817_835,0.59135539791
R_817_846,0.482240432634
R_817_849,0.558483706588
R_825_826,0.451482906475
R_825_829,0.526175465997
R_825_835,0.591751337266
R_825_846,0.482585836848
R_825_849,0.559123114741
R_826_829,0.571343133899
R_826_835,0.637179868244
R_826_846,0.528009657536
R_826_849,0.604240537132
R_829_835,0.562592613348
R_829_846,0.453334897852
R_829_849,0.52991658923
R_835_846,0.389872938093
R_835_849,0.463887773141
R_846_849,0.573166918621
